{
	"Atomic":
	{
		"title": "Realm of Ragnarok - Medieval Fantasy RPG [PRIMITIVE]",
		"titlecolor":
		{
			"r": 1,
			"g": 0.22164237499237061,
			"b": 0,
			"a": 1
		},
		"tabs": [
			{
				"id": "9927C1AD46FC99C0E3E885809E16E31E",
				"buttoninfo":
				{
					"id": "9927C1AD46FC99C0E3E885809E16E31E",
					"title": "WELCOME",
					"position": "NewEnumerator1",
					"normal":
					{
						"backgroundcolor":
						{
							"r": 0.00060700002359226346,
							"g": 0.028426000848412514,
							"b": 0.07618500292301178,
							"a": 1
						},
						"foregroundcolor":
						{
							"r": 1,
							"g": 0.30188411474227905,
							"b": 0,
							"a": 1
						},
						"bordercolor":
						{
							"r": 0,
							"g": 0.44705900549888611,
							"b": 0.50980401039123535,
							"a": 1
						},
						"borderthickness": 0.10000000000000001,
						"cornerradius": 0
					},
					"hovered":
					{
						"backgroundcolor":
						{
							"r": 0,
							"g": 0.015685999765992165,
							"b": 0.043136999011039734,
							"a": 1
						},
						"foregroundcolor":
						{
							"r": 0,
							"g": 0.26274499297142029,
							"b": 0.40784299373626709,
							"a": 1
						},
						"bordercolor":
						{
							"r": 0,
							"g": 0.23529399931430817,
							"b": 0.27058801054954529,
							"a": 1
						},
						"borderthickness": 0.10000000000000001,
						"cornerradius": 0
					},
					"pressed":
					{
						"backgroundcolor":
						{
							"r": 0,
							"g": 0.027450999245047569,
							"b": 0.074510000646114349,
							"a": 1
						},
						"foregroundcolor":
						{
							"r": 0.21568599343299866,
							"g": 0.80000001192092896,
							"b": 1,
							"a": 1
						},
						"bordercolor":
						{
							"r": 0,
							"g": 0.44705900549888611,
							"b": 0.50980401039123535,
							"a": 1
						},
						"borderthickness": 0.10000000000000001,
						"cornerradius": 0
					},
					"selected":
					{
						"backgroundcolor":
						{
							"r": 1,
							"g": 1,
							"b": 1,
							"a": 1
						},
						"foregroundcolor":
						{
							"r": 0,
							"g": 0,
							"b": 0,
							"a": 1
						},
						"bordercolor":
						{
							"r": 1,
							"g": 0,
							"b": 0,
							"a": 1
						},
						"borderthickness": 0.10000000000000001,
						"cornerradius": 0.5
					}
				},
				"panelspacing": 10,
				"layout": "NewEnumerator0",
				"panel1":
				{
					"title": "\r\n\r\n<TS.Roboto.15.Orange>WELCOME</>",
					"titlejustification": "Left",
					"text": "Realm of Ragnarok is setup to give a Medieval Fantasy RPG feel to Ark.\r\nThis is not setup as a roleplay server but you are free to RP if you wish.\r\n\r\nThis is a highly modded server which is well balanced with primitve engrams.\r\nThere are lots of additional creatures to tame, medieval structures to build and fantasy gear to find & unlock.\r\n\r\n\r\n<TS.Roboto.15.Orange>STARTERS</>\r\n\r\n- Open the Buff Menu by holding R (PC) / Square (PS5) / X (XBOX).\r\n- Go to Simple Trade then open the Global Market.\r\n- You will see active listings, select Starter.\r\n- Buy your starter for 0 coin (make sure to check the ITEMS & DINOS tabs).\r\n- If you lose this tame you can purchase a replacement Griffin here too.\r\n\r\n\r\n\r\nTo join our Discord please press on the DISCORD tab on the bottom right,\r\nor you can use the following link: https://discord.gg/u9G4McFsZc.\r\n\r\n\r\n\r\n<TS.Roboto.15.Orange>You earn 10x Gold Coins for every 15 mins of gameplay</>\r\n",
					"textjustification": "Left",
					"backgroundcolor":
					{
						"r": 0,
						"g": 0.0078429998829960823,
						"b": 0.019608000293374062,
						"a": 0.7019609808921814
					},
					"usecustombackgroundimage": false,
					"custombackgroundimageurl": ""
				},
				"panel2":
				{
					"title": "PANEL 2",
					"titlejustification": "Left",
					"text": "PANEL 2 - TEXT",
					"textjustification": "Left",
					"backgroundcolor":
					{
						"r": 0,
						"g": 0.0078429998829960823,
						"b": 0.019608000293374062,
						"a": 0.7019609808921814
					},
					"usecustombackgroundimage": false,
					"custombackgroundimageurl": ""
				},
				"panel3":
				{
					"title": "PANEL 3",
					"titlejustification": "Left",
					"text": "PANEL 3 - TEXT",
					"textjustification": "Left",
					"backgroundcolor":
					{
						"r": 0,
						"g": 0.0078429998829960823,
						"b": 0.019608000293374062,
						"a": 0.7019609808921814
					},
					"usecustombackgroundimage": false,
					"custombackgroundimageurl": ""
				},
				"panel4":
				{
					"title": "PANEL 4",
					"titlejustification": "Left",
					"text": "PANEL 4 - TEXT",
					"textjustification": "Left",
					"backgroundcolor":
					{
						"r": 0,
						"g": 0.0078429998829960823,
						"b": 0.019608000293374062,
						"a": 0.7019609808921814
					},
					"usecustombackgroundimage": false,
					"custombackgroundimageurl": ""
				},
				"panel5":
				{
					"title": "PANEL 5",
					"titlejustification": "Left",
					"text": "PANEL 5 - TEXT",
					"textjustification": "Left",
					"backgroundcolor":
					{
						"r": 0,
						"g": 0.0078429998829960823,
						"b": 0.019608000293374062,
						"a": 0.7019609808921814
					},
					"usecustombackgroundimage": false,
					"custombackgroundimageurl": ""
				}
			}
		],
		"links": [
			{
				"id": "982E8AE04F4C7389E343C081360B16DF",
				"url": "https://discord.gg/u9G4McFsZc",
				"buttoninfo":
				{
					"id": "982E8AE04F4C7389E343C081360B16DF",
					"title": "DISCORD",
					"position": "NewEnumerator1",
					"normal":
					{
						"backgroundcolor":
						{
							"r": 0.00060700002359226346,
							"g": 0.028426000848412514,
							"b": 0.07618500292301178,
							"a": 1
						},
						"foregroundcolor":
						{
							"r": 1,
							"g": 0.33804231882095337,
							"b": 0,
							"a": 1
						},
						"bordercolor":
						{
							"r": 0,
							"g": 0.44705900549888611,
							"b": 0.50980401039123535,
							"a": 1
						},
						"borderthickness": 0.10000000000000001,
						"cornerradius": 0
					},
					"hovered":
					{
						"backgroundcolor":
						{
							"r": 0,
							"g": 0.015685999765992165,
							"b": 0.043136999011039734,
							"a": 1
						},
						"foregroundcolor":
						{
							"r": 0,
							"g": 0.26274499297142029,
							"b": 0.40784299373626709,
							"a": 1
						},
						"bordercolor":
						{
							"r": 0,
							"g": 0.23529399931430817,
							"b": 0.27058801054954529,
							"a": 1
						},
						"borderthickness": 0.10000000000000001,
						"cornerradius": 0
					},
					"pressed":
					{
						"backgroundcolor":
						{
							"r": 0,
							"g": 0.027450999245047569,
							"b": 0.074510000646114349,
							"a": 1
						},
						"foregroundcolor":
						{
							"r": 0.21568599343299866,
							"g": 0.80000001192092896,
							"b": 1,
							"a": 1
						},
						"bordercolor":
						{
							"r": 0,
							"g": 0.44705900549888611,
							"b": 0.50980401039123535,
							"a": 1
						},
						"borderthickness": 0.10000000000000001,
						"cornerradius": 0
					},
					"selected":
					{
						"backgroundcolor":
						{
							"r": 1,
							"g": 1,
							"b": 1,
							"a": 1
						},
						"foregroundcolor":
						{
							"r": 0,
							"g": 0,
							"b": 0,
							"a": 1
						},
						"bordercolor":
						{
							"r": 1,
							"g": 0,
							"b": 0,
							"a": 1
						},
						"borderthickness": 0.10000000000000001,
						"cornerradius": 0.5
					}
				}
			}
		],
		"linkbuttondefaultsettings":
		{
			"id": "",
			"title": "",
			"position": "NewEnumerator0",
			"normal":
			{
				"backgroundcolor":
				{
					"r": 0.00060700002359226346,
					"g": 0.028426000848412514,
					"b": 0.07618500292301178,
					"a": 1
				},
				"foregroundcolor":
				{
					"r": 1,
					"g": 1,
					"b": 1,
					"a": 1
				},
				"bordercolor":
				{
					"r": 0,
					"g": 0.44705900549888611,
					"b": 0.50980401039123535,
					"a": 1
				},
				"borderthickness": 0.10000000000000001,
				"cornerradius": 0
			},